{"cameraMode":{"drawMode":0,"name":"Shaded","section":"Shading Mode"},"sceneLighting":false,"audioPlay":false,"sceneViewState":{"m_AlwaysRefresh":false,"showFog":true,"showSkybox":false,"showFlares":true,"showImageEffects":true,"showParticleSystems":true,"showVisualEffectGraphs":true,"m_FxEnabled":true},"in2DMode":false,"pivot":{"x":0.18372786045074464,"y":11.669187545776368,"z":-12.285259246826172},"rotation":{"x":0.0949404388666153,"y":-0.01941070891916752,"z":0.0018515621777623892,"w":0.9952927231788635},"size":16.1254825592041,"orthographic":true}